{
    "loss": 2.415529727935791,
    "accuracy": 0.5607476830482483
}